insert into visiodb.buildings (id, address, city, country, name, img_url)
values  (1, '45 Bd Raspail, 75006 Paris', 'Paris', 'France', 'Lutetia', null),
        (2, 'Gentsestraat 79, 8530 Harelbeke', 'Harelbeke', 'Belgium', 'Varbel', null),
        (3, 'София, ж.к. Младост 4, бул. Александър Малинов №78 ПК: 1799', 'Sofia', 'Bugaria', 'Softuni', null),
        (4, 'бул. „Пещерско шосе“ 80, 4002 Западна промишлена зона, Пловдив', 'Plovdiv', 'Bugaria', 'УСБАЛАГ "Селена"', null),
        (5, 'Отдих и Култура 1М, 4015 Западна промишлена зона, Пловдив', 'Plovdiv', 'Bugaria', 'Bugaria', null),
        (6, '4MPX+PX, 4001 Западна промишлена зона, Пловдив', 'Plovdiv', 'Bugaria', 'Западен парк резидънс 1 и 2', null),
        (7, 'Magnolia Residence, ул. „Рая“ 17, 4000 Западна промишлена зона, Пловдив', 'Plovdiv', 'Bugaria', 'Plovdiv', null),
        (8, '6, ул. „Лев Толстой“ str, 4017 Пловдив', 'Plovdiv', 'Bugaria', 'Hotel Imperial Plovdiv', null),
        (9, 'ул. „Братя Миладинови“, 8800 Сливен Център, Сливен', 'Sliven', 'Bugaria', '6, ул. „Лев Толстой“ str, 4017 Пловдив', null),
        (10, 'ул. „Предел“ 1, 8800 Сливен Център, Сливен', 'Sliven', 'Bugaria', 'Hotel Kredo', null),
        (11, 'бул. „Цар Освободител“ 6, 8800 Сливен Център, Сливен', 'Sliven', 'Bugaria', 'Hotel Хотел Парк Централ', null),
        (13, 'Mестност "Карандила, ж.к. Сини камъни, 8800 Сливен', 'Sliven', 'Bugaria', 'Комплекс "Сините камъни"', null),
        (14, 'ул. „Проф. д-р Иван Странски“ 20, 1000 ж.к. Малинова долина, София', 'Sofia', 'Bugaria', 'Кауфланд София-Малинова долина', null),
        (15, 'ул. „Владичина ливада“ 2, 1000 кв. Горубляне, София', 'Sofia', 'Bugaria', 'Кауфланд София Горубляне', null),
        (16, 'fdghfdgh', 'dfghfdgh', 'dfghfgh', 'fdghfdgh', 'test'),
        (17, 'dfghfdgh', 'dfghfdhg', 'dfghfdh', 'fghfgh', 'test'),
        (18, 'sfdsd', 'fsdffddf', 'fsd', 'sfadf', 'test'),
        (19, 'dfgsdfg', 'sdfgsdfg', 'sdfgsdfg', 'dsfgdsfg', 'http://res.cloudinary.com/daqpjk60x/image/upload/v1698837590/td2d23qsxsfagj6xv69c.png');


insert into visiodb.companies (id, address, city, country, email, name, phone, website)
values  (1, 'ul. "Vasil Levski" 272, 4003 Severna Promishlena Zona, Plovdiv', 'Plovdiv', 'Bulgaria', 'plovdiv@ataro.bg', 'Ataro Clima', '+359 7001 1618', 'https://www.ataro.bg/en'),
        (2, '93B, Simeonovsko shosse, Blvd. entrance B, 2 nd floor', 'Sofia', 'Bulgaria', 'office@pipesystem.bg', 'Pipe System', '+359 878 252 655', 'https://www.pipesystem.bg/'),
        (3, 'бул. д-р Петър Дертлиев 129.', 'Sofia', 'Bulgaria', 'office@raicommerce.bg', 'Raicommerce', '+359 02 9251444', 'https://www.raicommerce.bg/'),
        (4, '11, place de l''Europe Campus Pierre-Berger, bât. D 78140 Vélizy-Villacoublay', 'Paris', 'France', 'office@eiffage.fr', 'Eiffage', '+33 (0) 1 34 65 89 89', 'https://www.eiffage.com/en/'),
        (5, 'Pl. de la Bastille, 75004 Paris', 'Paris', 'France', 'contact@sfica.fr', 'Sfica', '+33 01 44 92 89 00', 'https://www.sfica.fr/'),
        (6, 'The Alrov Tower 46 Rothschild Blvd.', 'Tel-Aviv', 'Israel', 'info@alrov.co.il', 'Alrov', '+972-3-7147777', 'https://www.alrov.co.il/'),
        (7, '20 rue des Jardins 92600 Asnières-sur-Seine', 'Paris', 'France', 'contact@bouygues.fr', 'Bouygues ', '+33 01 86 65 29 80', 'https://www.bouygues-es.fr/'),
        (8, 'София, ж.к. Младост 4, бул. Александър Малинов №78 ПК: 1799', 'Sofia', 'Bulgaria', 'university@softuni.bg', 'Softuni', '+ 359 899 55 55 92', 'https://softuni.bg/');


insert into visiodb.buildings_companies (buildings_id, companies_id)
values  (4, 1),
        (8, 1),
        (11, 1),
        (13, 1),
        (14, 1),
        (1, 2),
        (9, 2),
        (13, 2),
        (2, 3),
        (7, 3),
        (11, 3),
        (14, 3),
        (3, 4),
        (4, 4),
        (5, 4),
        (6, 4),
        (11, 4),
        (15, 4),
        (1, 5),
        (2, 5),
        (4, 5),
        (7, 5),
        (10, 5),
        (15, 5),
        (1, 6),
        (10, 6),
        (13, 6),
        (3, 7),
        (5, 7),
        (6, 7),
        (9, 7),
        (11, 7),
        (9, 8),
        (10, 8),
        (13, 8);
