insert into visiodb.buildings (id, address, city, country, name, img_url)
values  (1, '45 Bd Raspail, 75006 Paris', 'Paris', 'France', 'Lutetia', null),
        (2, 'Gentsestraat 79, 8530 Harelbeke', 'Harelbeke', 'Belgium', 'Varbel', null),
        (3, 'София, ж.к. Младост 4, бул. Александър Малинов №78 ПК: 1799', 'Sofia', 'Bugaria', 'Softuni', null),
        (4, 'бул. „Пещерско шосе“ 80, 4002 Западна промишлена зона, Пловдив', 'Plovdiv', 'Bugaria', 'УСБАЛАГ "Селена"', null),
        (5, 'Отдих и Култура 1М, 4015 Западна промишлена зона, Пловдив', 'Plovdiv', 'Bugaria', 'Bugaria', null),
        (6, '4MPX+PX, 4001 Западна промишлена зона, Пловдив', 'Plovdiv', 'Bugaria', 'Западен парк резидънс 1 и 2', null),
        (7, 'Magnolia Residence, ул. „Рая“ 17, 4000 Западна промишлена зона, Пловдив', 'Plovdiv', 'Bugaria', 'Plovdiv', null),
        (8, '6, ул. „Лев Толстой“ str, 4017 Пловдив', 'Plovdiv', 'Bugaria', 'Hotel Imperial Plovdiv', null),
        (9, 'ул. „Братя Миладинови“, 8800 Сливен Център, Сливен', 'Sliven', 'Bugaria', '6, ул. „Лев Толстой“ str, 4017 Пловдив', null),
        (10, 'ул. „Предел“ 1, 8800 Сливен Център, Сливен', 'Sliven', 'Bugaria', 'Hotel Kredo', null),
        (11, 'бул. „Цар Освободител“ 6, 8800 Сливен Център, Сливен', 'Sliven', 'Bugaria', 'Hotel Хотел Парк Централ', null),
        (13, 'Mестност "Карандила, ж.к. Сини камъни, 8800 Сливен', 'Sliven', 'Bugaria', 'Комплекс "Сините камъни"', null),
        (14, 'ул. „Проф. д-р Иван Странски“ 20, 1000 ж.к. Малинова долина, София', 'Sofia', 'Bugaria', 'Кауфланд София-Малинова долина', null),
        (15, 'ул. „Владичина ливада“ 2, 1000 кв. Горубляне, София', 'Sofia', 'Bugaria', 'Кауфланд София Горубляне', null),
        (16, 'fdghfdgh', 'dfghfdgh', 'dfghfgh', 'fdghfdgh', 'test'),
        (17, 'dfghfdgh', 'dfghfdhg', 'dfghfdh', 'fghfgh', 'test'),
        (18, 'sfdsd', 'fsdffddf', 'fsd', 'sfadf', 'test'),
        (19, 'dfgsdfg', 'sdfgsdfg', 'sdfgsdfg', 'dsfgdsfg', 'http://res.cloudinary.com/daqpjk60x/image/upload/v1698837590/td2d23qsxsfagj6xv69c.png');


insert into visiodb.companies (id, address, city, country, email, name, phone, website)
values  (1, 'ul. "Vasil Levski" 272, 4003 Severna Promishlena Zona, Plovdiv', 'Plovdiv', 'Bulgaria', 'plovdiv@ataro.bg', 'Ataro Clima', '+359 7001 1618', 'https://www.ataro.bg/en'),
        (2, '93B, Simeonovsko shosse, Blvd. entrance B, 2 nd floor', 'Sofia', 'Bulgaria', 'office@pipesystem.bg', 'Pipe System', '+359 878 252 655', 'https://www.pipesystem.bg/'),
        (3, 'бул. д-р Петър Дертлиев 129.', 'Sofia', 'Bulgaria', 'office@raicommerce.bg', 'Raicommerce', '+359 02 9251444', 'https://www.raicommerce.bg/'),
        (4, '11, place de l''Europe Campus Pierre-Berger, bât. D 78140 Vélizy-Villacoublay', 'Paris', 'France', 'office@eiffage.fr', 'Eiffage', '+33 (0) 1 34 65 89 89', 'https://www.eiffage.com/en/'),
        (5, 'Pl. de la Bastille, 75004 Paris', 'Paris', 'France', 'contact@sfica.fr', 'Sfica', '+33 01 44 92 89 00', 'https://www.sfica.fr/'),
        (6, 'The Alrov Tower 46 Rothschild Blvd.', 'Tel-Aviv', 'Israel', 'info@alrov.co.il', 'Alrov', '+972-3-7147777', 'https://www.alrov.co.il/'),
        (7, '20 rue des Jardins 92600 Asnières-sur-Seine', 'Paris', 'France', 'contact@bouygues.fr', 'Bouygues ', '+33 01 86 65 29 80', 'https://www.bouygues-es.fr/'),
        (8, 'София, ж.к. Младост 4, бул. Александър Малинов №78 ПК: 1799', 'Sofia', 'Bulgaria', 'university@softuni.bg', 'Softuni', '+ 359 899 55 55 92', 'https://softuni.bg/');


insert into visiodb.buildings_companies (buildings_id, companies_id)
values  (4, 1),
        (8, 1),
        (11, 1),
        (13, 1),
        (14, 1),
        (1, 2),
        (9, 2),
        (13, 2),
        (2, 3),
        (7, 3),
        (11, 3),
        (14, 3),
        (3, 4),
        (4, 4),
        (5, 4),
        (6, 4),
        (11, 4),
        (15, 4),
        (1, 5),
        (2, 5),
        (4, 5),
        (7, 5),
        (10, 5),
        (15, 5),
        (1, 6),
        (10, 6),
        (13, 6),
        (3, 7),
        (5, 7),
        (6, 7),
        (9, 7),
        (11, 7),
        (9, 8),
        (10, 8),
        (13, 8);


insert into visiodb.floors (id, number, building_id, elevation)
values  (1, 'SS3', 1, -9.45),
        (3, 'SS2', 1, -6.45),
        (4, 'SS1', 1, -3.45),
        (5, 'RDC', 1, +0.00),
        (6, 'ENT', 1, +3.10),
        (7, 'R-1', 1, +6.10),
        (8, 'R-2', 1, +9.10),
        (9, 'R-3', 1, +12.10),
        (10, 'R-4', 1, +15.10),
        (11, 'R-5', 1, +18.10),
        (12, 'R-6', 1, +21.10),
        (13, 'R-7', 1, +24.10),
        (14, 'TOIT',1, +24.10),
        (15, '1', 2, +0.00),
        (16, '2', 2, +2.60),
        (17, '3', 2, +5.20),
        (18, '4', 2, +8.60),
        (19, '1', 3, +0.00),
        (20, '2', 3, +2.60),
        (21, '3', 3, +5.20),
        (22, '4', 3, +8.60),
        (31, '1', 4, +0.00),
        (32, '2', 4, +2.60),
        (33, '3', 4, +5.20),
        (34, '4', 4, +8.60),
        (35, '5', 4, +11.80),
        (36, '6', 4, +15.00),
        (37, '7', 4, +17.60),
        (38, '8', 4, +20.20),
        (39, '1', 5, null),
        (40, '2', 5, null),
        (41, '3', 5, null),
        (42, '4', 5, null),
        (43, '5', 5, null),
        (81, '1', 6, null),
        (82, '2', 6, null),
        (83, '3', 6, null),
        (84, '1', 7, null),
        (85, '2', 7, null),
        (86, '3', 7, null),
        (87, '4', 7, null),
        (88, '5', 7, null),
        (89, '6', 7, null),
        (90, '1', 8, null),
        (91, '2', 8, null),
        (92, '3', 8, null),
        (93, '4', 8, null),
        (94, '5', 8, null),
        (95, '6', 8, null),
        (96, '7', 8, null),
        (97, '8', 8, null),
        (98, '9', 8, null),
        (99, '10', 8, null),
        (100, '1', 9, null),
        (101, '2', 9, null),
        (102, '3', 9, null),
        (103, '4', 9, null),
        (104, '5', 9, null),
        (105, '6', 9, null),
        (106, '1', 10, null),
        (107, '2', 10, null),
        (108, '3', 10, null),
        (109, '4', 10, null),
        (110, '5', 10, null),
        (111, '6', 10, null),
        (112, '1', 11, null),
        (113, '2', 11, null),
        (114, '3', 11, null),
        (115, '4', 11, null),
        (116, '5', 11, null),
        (117, '1', 13, null),
        (118, '2', 13, null),
        (119, '3', 13, null),
        (120, '4', 13, null),
        (121, '5', 13, null),
        (122, '1', 14, null),
        (123, '2', 14, null),
        (124, '1', 15, null),
        (125, '2', 15, null),
        (126, '3', 15, null);


insert into visiodb.users (id, email, password, username, first_name, last_name, company_id)
values (1, 'misho@abv.bg','f69983b003545b40f424d1604bb27ace9a9a99cab0ad1ff1bec8f918c309ed934009d2f49a078809f921562a42424b5e', 'misho', 'Mihail', 'Slavov', 1),
       (2, 'gosho@abv.bg','97cfca8cda2e239d1c861251db1fdaf86fc55aedceb120fa1e8d35ef432d89ce382e75fc6f66a6681d30cc7efa5405e1', 'gosho', 'Gosho', 'Goshev',4),
       (3, 'Amy Hays@gmail.com','23a7282c8c34d411ab31dc4507d20c43bd6797061c0ec2a759ecebe1aa848ac1bd1b512c15b9cdb04dec4d1867f68ea4', 'mmm', 'Amy', 'Hays', 7),
       (4, 'Eve Durham@gmail.com','23a7282c8c34d411ab31dc4507d20c43bd6797061c0ec2a759ecebe1aa848ac1bd1b512c15b9cdb04dec4d1867f68ea4', 'Amy', 'Eve', 'Durham', 3),
       (5, 'Roderick Drake@gmail.com','23a7282c8c34d411ab31dc4507d20c43bd6797061c0ec2a759ecebe1aa848ac1bd1b512c15b9cdb04dec4d1867f68ea4', 'Eve', 'Roderick', 'Drake', 8),
       (6, 'Sylvia Baxter@gmail.com','23a7282c8c34d411ab31dc4507d20c43bd6797061c0ec2a759ecebe1aa848ac1bd1b512c15b9cdb04dec4d1867f68ea4', 'Roderick', 'Sylvia', 'Baxter', 2),
       (7, 'Eliseo Hopkins@gmail.com','23a7282c8c34d411ab31dc4507d20c43bd6797061c0ec2a759ecebe1aa848ac1bd1b512c15b9cdb04dec4d1867f68ea4', 'Sylvia', 'Eliseo', 'Hopkins', 6),
       (8, 'Ernie Weaver@gmail.com','23a7282c8c34d411ab31dc4507d20c43bd6797061c0ec2a759ecebe1aa848ac1bd1b512c15b9cdb04dec4d1867f68ea4', 'Eliseo', 'Ernie', 'Weaver', 5),
       (9, 'Dollie Harrell@gmail.com','23a7282c8c34d411ab31dc4507d20c43bd6797061c0ec2a759ecebe1aa848ac1bd1b512c15b9cdb04dec4d1867f68ea4', 'Ernie', 'Dollie', 'Harrell', 3),
       (10, 'Dora Whitney@gmail.com','23a7282c8c34d411ab31dc4507d20c43bd6797061c0ec2a759ecebe1aa848ac1bd1b512c15b9cdb04dec4d1867f68ea4', 'Dollie', 'Dora', 'Whitney', 7),
       (11, 'Andreas Calderon@gmail.com','23a7282c8c34d411ab31dc4507d20c43bd6797061c0ec2a759ecebe1aa848ac1bd1b512c15b9cdb04dec4d1867f68ea4', 'Dora', 'Andreas', 'Calderon', 5),
       (12, 'Jacklyn Stone@gmail.com','23a7282c8c34d411ab31dc4507d20c43bd6797061c0ec2a759ecebe1aa848ac1bd1b512c15b9cdb04dec4d1867f68ea4', 'Andreas', 'Jacklyn', 'Stone', 7),
       (13, 'Lenard Christian@gmail.com','23a7282c8c34d411ab31dc4507d20c43bd6797061c0ec2a759ecebe1aa848ac1bd1b512c15b9cdb04dec4d1867f68ea4', 'Jacklyn', 'Lenard', 'Christian', 8),
       (14, 'Omer Vance@gmail.com','23a7282c8c34d411ab31dc4507d20c43bd6797061c0ec2a759ecebe1aa848ac1bd1b512c15b9cdb04dec4d1867f68ea4', 'Lenard', 'Omer', 'Vance', 5),
       (15, 'Misty Tate@gmail.com','23a7282c8c34d411ab31dc4507d20c43bd6797061c0ec2a759ecebe1aa848ac1bd1b512c15b9cdb04dec4d1867f68ea4', 'Omer', 'Misty', 'Tate', 1),
       (16, 'Felicia Sexton@gmail.com','23a7282c8c34d411ab31dc4507d20c43bd6797061c0ec2a759ecebe1aa848ac1bd1b512c15b9cdb04dec4d1867f68ea4', 'Misty', 'Felicia', 'Sexton', 2),
       (17, 'Pablo Frederick@gmail.com','23a7282c8c34d411ab31dc4507d20c43bd6797061c0ec2a759ecebe1aa848ac1bd1b512c15b9cdb04dec4d1867f68ea4', 'Felicia', 'Pablo', 'Frederick', 4),
       (18, 'Liliana George@gmail.com','23a7282c8c34d411ab31dc4507d20c43bd6797061c0ec2a759ecebe1aa848ac1bd1b512c15b9cdb04dec4d1867f68ea4', 'Pablo', 'Liliana', 'George', 8),
       (19, 'Amos Everett@gmail.com','23a7282c8c34d411ab31dc4507d20c43bd6797061c0ec2a759ecebe1aa848ac1bd1b512c15b9cdb04dec4d1867f68ea4', 'Liliana', 'Amos', 'Everett', 7),
       (20, 'Carolyn Ashley@gmail.com','23a7282c8c34d411ab31dc4507d20c43bd6797061c0ec2a759ecebe1aa848ac1bd1b512c15b9cdb04dec4d1867f68ea4', 'Amos', 'Carolyn', 'Ashley', 5),
       (21, 'Josefa Waller@gmail.com','23a7282c8c34d411ab31dc4507d20c43bd6797061c0ec2a759ecebe1aa848ac1bd1b512c15b9cdb04dec4d1867f68ea4', 'Carolyn', 'Josefa', 'Waller', 7),
       (22, 'Katrina Schroeder@gmail.com','23a7282c8c34d411ab31dc4507d20c43bd6797061c0ec2a759ecebe1aa848ac1bd1b512c15b9cdb04dec4d1867f68ea4', 'Josefa', 'Katrina', 'Schroeder', 8),
       (23, 'Quintin Mccarthy@gmail.com','23a7282c8c34d411ab31dc4507d20c43bd6797061c0ec2a759ecebe1aa848ac1bd1b512c15b9cdb04dec4d1867f68ea4', 'Katrina', 'Quintin', 'Mccarthy', 5),
       (24, 'Ruthie Chandler@gmail.com','23a7282c8c34d411ab31dc4507d20c43bd6797061c0ec2a759ecebe1aa848ac1bd1b512c15b9cdb04dec4d1867f68ea4', 'Quintin', 'Ruthie', 'Chandler', 1),
       (25, 'Sidney Gibson@gmail.com','23a7282c8c34d411ab31dc4507d20c43bd6797061c0ec2a759ecebe1aa848ac1bd1b512c15b9cdb04dec4d1867f68ea4', 'Ruthie', 'Sidney', 'Gibson', 2),
       (26, 'Nellie Kidd@gmail.com','23a7282c8c34d411ab31dc4507d20c43bd6797061c0ec2a759ecebe1aa848ac1bd1b512c15b9cdb04dec4d1867f68ea4', 'Sidney', 'Nellie', 'Kidd', 4),
       (27, 'Mark Schaefer@gmail.com','23a7282c8c34d411ab31dc4507d20c43bd6797061c0ec2a759ecebe1aa848ac1bd1b512c15b9cdb04dec4d1867f68ea4', 'Nellie', 'Mark', 'Schaefer', 8),
       (28, 'Shaun Pittman@gmail.com','23a7282c8c34d411ab31dc4507d20c43bd6797061c0ec2a759ecebe1aa848ac1bd1b512c15b9cdb04dec4d1867f68ea4', 'Mark', 'Shaun', 'Pittman', 8),
       (29, 'Erin Stein@gmail.com','23a7282c8c34d411ab31dc4507d20c43bd6797061c0ec2a759ecebe1aa848ac1bd1b512c15b9cdb04dec4d1867f68ea4', 'Shaun', 'Erin', 'Stein', 2),
       (30, 'Loyd Scott@gmail.com','23a7282c8c34d411ab31dc4507d20c43bd6797061c0ec2a759ecebe1aa848ac1bd1b512c15b9cdb04dec4d1867f68ea4', 'Erin', 'Loyd', 'Scott', 6),
       (31, 'Carly Ross@gmail.com','23a7282c8c34d411ab31dc4507d20c43bd6797061c0ec2a759ecebe1aa848ac1bd1b512c15b9cdb04dec4d1867f68ea4', 'Loyd', 'Carly', 'Ross', 5),
       (32, 'Manual Brock@gmail.com','23a7282c8c34d411ab31dc4507d20c43bd6797061c0ec2a759ecebe1aa848ac1bd1b512c15b9cdb04dec4d1867f68ea4', 'Carly', 'Manual', 'Brock', 3),
       (33, 'Lucas Singh@gmail.com','23a7282c8c34d411ab31dc4507d20c43bd6797061c0ec2a759ecebe1aa848ac1bd1b512c15b9cdb04dec4d1867f68ea4', 'Manual', 'Lucas', 'Singh', 7),
       (34, 'Hosea Vincent@gmail.com','23a7282c8c34d411ab31dc4507d20c43bd6797061c0ec2a759ecebe1aa848ac1bd1b512c15b9cdb04dec4d1867f68ea4', 'Lucas', 'Hosea', 'Vincent', 5),
       (35, 'Lynn Chambers@gmail.com','23a7282c8c34d411ab31dc4507d20c43bd6797061c0ec2a759ecebe1aa848ac1bd1b512c15b9cdb04dec4d1867f68ea4', 'Hosea', 'Lynn', 'Chambers', 7),
       (36, 'Margarito Bowers@gmail.com','23a7282c8c34d411ab31dc4507d20c43bd6797061c0ec2a759ecebe1aa848ac1bd1b512c15b9cdb04dec4d1867f68ea4', 'Lynn', 'Margarito', 'Bowers', 4),
       (37, 'Jaime Pacheco@gmail.com','23a7282c8c34d411ab31dc4507d20c43bd6797061c0ec2a759ecebe1aa848ac1bd1b512c15b9cdb04dec4d1867f68ea4', 'Margarito', 'Jaime', 'Pacheco', 8),
       (38, 'Rashad Molina@gmail.com','23a7282c8c34d411ab31dc4507d20c43bd6797061c0ec2a759ecebe1aa848ac1bd1b512c15b9cdb04dec4d1867f68ea4', 'Jaime', 'Rashad', 'Molina', 7),
       (39, 'Randy Hebert@gmail.com','23a7282c8c34d411ab31dc4507d20c43bd6797061c0ec2a759ecebe1aa848ac1bd1b512c15b9cdb04dec4d1867f68ea4', 'Rashad', 'Randy', 'Hebert', 5),
       (40, 'Beryl Yoder@gmail.com','23a7282c8c34d411ab31dc4507d20c43bd6797061c0ec2a759ecebe1aa848ac1bd1b512c15b9cdb04dec4d1867f68ea4', 'Randy', 'Beryl', 'Yoder', 7),
       (41, 'Maynard Lynch@gmail.com','23a7282c8c34d411ab31dc4507d20c43bd6797061c0ec2a759ecebe1aa848ac1bd1b512c15b9cdb04dec4d1867f68ea4', 'Beryl', 'Maynard', 'Lynch', 8),
       (42, 'Louisa Mack@gmail.com','23a7282c8c34d411ab31dc4507d20c43bd6797061c0ec2a759ecebe1aa848ac1bd1b512c15b9cdb04dec4d1867f68ea4', 'Maynard', 'Louisa', 'Mack', 5),
       (43, 'Shon Adams@gmail.com','23a7282c8c34d411ab31dc4507d20c43bd6797061c0ec2a759ecebe1aa848ac1bd1b512c15b9cdb04dec4d1867f68ea4', 'Louisa', 'Shon', 'Adams', 1),
       (44, 'Derrick Martinez@gmail.com','23a7282c8c34d411ab31dc4507d20c43bd6797061c0ec2a759ecebe1aa848ac1bd1b512c15b9cdb04dec4d1867f68ea4', 'Shon', 'Derrick', 'Martinez', 2),
       (45, 'Margo Gay@gmail.com','23a7282c8c34d411ab31dc4507d20c43bd6797061c0ec2a759ecebe1aa848ac1bd1b512c15b9cdb04dec4d1867f68ea4', 'Derrick', 'Margo', 'Gay', 4),
       (46, 'Octavio Beltran@gmail.com','23a7282c8c34d411ab31dc4507d20c43bd6797061c0ec2a759ecebe1aa848ac1bd1b512c15b9cdb04dec4d1867f68ea4', 'Margo', 'Octavio', 'Beltran', 8),
       (47, 'Eugenio Hansen@gmail.com','23a7282c8c34d411ab31dc4507d20c43bd6797061c0ec2a759ecebe1aa848ac1bd1b512c15b9cdb04dec4d1867f68ea4', 'Octavio', 'Eugenio', 'Hansen', 7),
       (48, 'Jenna Bray@gmail.com','23a7282c8c34d411ab31dc4507d20c43bd6797061c0ec2a759ecebe1aa848ac1bd1b512c15b9cdb04dec4d1867f68ea4', 'Eugenio', 'Jenna', 'Bray', 5),
       (49, 'Burt Hampton@gmail.com','23a7282c8c34d411ab31dc4507d20c43bd6797061c0ec2a759ecebe1aa848ac1bd1b512c15b9cdb04dec4d1867f68ea4', 'Jenna', 'Burt', 'Hampton', 7),
       (50, 'Edwin Brewer@gmail.com','23a7282c8c34d411ab31dc4507d20c43bd6797061c0ec2a759ecebe1aa848ac1bd1b512c15b9cdb04dec4d1867f68ea4', 'Burt', 'Edwin', 'Brewer', 8),
       (51, 'Jacqueline Pratt@gmail.com','23a7282c8c34d411ab31dc4507d20c43bd6797061c0ec2a759ecebe1aa848ac1bd1b512c15b9cdb04dec4d1867f68ea4', 'Edwin', 'Jacqueline', 'Pratt', 5),
       (52, 'Rhea Horton@gmail.com','23a7282c8c34d411ab31dc4507d20c43bd6797061c0ec2a759ecebe1aa848ac1bd1b512c15b9cdb04dec4d1867f68ea4', 'Jacqueline', 'Rhea', 'Horton', 1),
       (53, 'Mark Carly@gmail.com','23a7282c8c34d411ab31dc4507d20c43bd6797061c0ec2a759ecebe1aa848ac1bd1b512c15b9cdb04dec4d1867f68ea4', 'Markio','Mark', 'Carly', 2),
       (54, 'Eugenio Adams@gmail.com','23a7282c8c34d411ab31dc4507d20c43bd6797061c0ec2a759ecebe1aa848ac1bd1b512c15b9cdb04dec4d1867f68ea4', 'Eugeniov','Eugenio', 'Adams', 4);

insert into visiodb.roles (id, role)
values  (1, 'ADMIN'),
        (2, 'USER');

insert into visiodb.users_roles (user_id, role_id)
values  (1, 1),
        (1, 2),
        (2, 2),
        (3, 2),
        (4, 2),
        (5, 2),
        (6, 2),
        (7, 2),
        (8, 2),
        (9, 2),
        (10, 2),
        (11, 2),
        (12, 2),
        (13, 2),
        (14, 2),
        (15, 2),
        (16, 2),
        (17, 2),
        (18, 2),
        (19, 2),
        (20, 2),
        (21, 2),
        (22, 2),
        (23, 2),
        (24, 2),
        (25, 2),
        (26, 2),
        (27, 2),
        (28, 2),
        (29, 2),
        (30, 2),
        (31, 2),
        (32, 2),
        (33, 2),
        (34, 2),
        (35, 2),
        (36, 2),
        (37, 2),
        (38, 2),
        (39, 2),
        (40, 2),
        (41, 2),
        (42, 2),
        (43, 2),
        (44, 2),
        (45, 2),
        (46, 2),
        (47, 2),
        (48, 2),
        (49, 2),
        (50, 2),
        (51, 2),
        (52, 2),
        (53, 2),
        (54, 2);


insert into visiodb.files (id, drawing_type, file_extension, file_name, design_part, text_file_type, upload_date, file_url, floor_id)
values  (1, 'DETAIL', 'DWG', 'TEST_FILE_NAME', 'PLUMBING', 'NOT_SPECIFIED', '2023-11-02 13:57:24.000000', 'https://test', 1),
        (2, 'DETAIL', 'DWG', 'TEST_FILE_NAME1', 'PLUMBING', 'NOT_SPECIFIED', '2023-11-02 13:57:24.000000', 'https://test1', 1),
        (3, 'DETAIL', 'DWG', 'TEST_FILE_NAME2', 'PLUMBING', 'NOT_SPECIFIED', '2023-11-02 13:57:24.000000', 'https://test2', 1),
        (4, 'DETAIL', 'DWG', 'TEST_FILE_NAME3', 'PLUMBING', 'NOT_SPECIFIED', '2023-11-02 13:57:24.000000', 'https://test3', 1),
        (5, 'DETAIL', 'DWG', 'TEST_FILE_NAME4', 'PLUMBING', 'NOT_SPECIFIED', '2023-11-02 13:57:24.000000', 'https://test4', 1),
        (6, 'DETAIL', 'DWG', 'TEST_FILE_NAME5', 'PLUMBING', 'NOT_SPECIFIED', '2023-11-02 13:57:24.000000', 'https://test5', 1),
        (7, 'DETAIL', 'DWG', 'TEST_FILE_NAME6', 'PLUMBING', 'NOT_SPECIFIED', '2023-11-02 13:57:24.000000', 'https://test6', 1),
        (8, 'DETAIL', 'DWG', 'TEST_FILE_NAME7', 'PLUMBING', 'NOT_SPECIFIED', '2023-11-02 13:57:24.000000', 'https://test7', 1),
        (9, 'DETAIL', 'DWG', 'TEST_FILE_NAME8', 'PLUMBING', 'NOT_SPECIFIED', '2023-11-02 13:57:24.000000', 'https://test8', 1),
        (10, 'DETAIL', 'DWG', 'TEST_FILE_NAME9', 'PLUMBING', 'NOT_SPECIFIED', '2023-11-02 13:57:24.000000', 'https://test9', 1),
        (11, 'DETAIL', 'DWG', 'TEST_FILE_NAME10', 'PLUMBING', 'NOT_SPECIFIED', '2023-11-02 13:57:24.000000', 'https://test10', 1),
        (12, 'DETAIL', 'DWG', 'TEST_FILE_NAME11', 'PLUMBING', 'NOT_SPECIFIED', '2023-11-02 13:57:24.000000', 'https://test11', 1),
        (13, 'DETAIL', 'DWG', 'TEST_FILE_NAME12', 'PLUMBING', 'NOT_SPECIFIED', '2023-11-02 13:57:24.000000', 'https://test12', 1),
        (14, 'DETAIL', 'DWG', 'TEST_FILE_NAME13', 'PLUMBING', 'NOT_SPECIFIED', '2023-11-02 13:57:24.000000', 'https://test13', 1),
        (15, 'DETAIL', 'DWG', 'TEST_FILE_NAME14', 'PLUMBING', 'NOT_SPECIFIED', '2023-11-02 13:57:24.000000', 'https://test14', 1);



insert into visiodb.comments (id, created, text_content, author_id, file_id)
values (1, '2023-11-02 14:13:17.000000', 'no its not ok', 1, 2),
       (2, '2023-11-02 14:13:17.000000', 'no its not ok', 1, 2),
       (3, '2023-11-02 14:13:17.000000', 'go', 3, 2),
       (4, '2023-11-02 14:13:17.000000', 'try again', 3, 2),
       (5, '2023-11-02 14:13:17.000000', 'no its not ok', 3, 2),
       (6, '2023-11-02 14:13:17.000000', 'no its not ok', 1, 2),
       (7, '2023-11-02 14:13:17.000000', 'no its not ok', 2, 2),
         (8, '2023-11-02 14:13:17.000000', 'no its not ok', 2, 2),
         (9, '2023-11-02 14:13:17.000000', 'no its not ok', 2, 2);

