insert into visiodb.users (id, email, password, username)
values (1, 'misho@abv.bg','f69983b003545b40f424d1604bb27ace9a9a99cab0ad1ff1bec8f918c309ed934009d2f49a078809f921562a42424b5e', 'misho'),
       (2, 'gosho@abv.bg','97cfca8cda2e239d1c861251db1fdaf86fc55aedceb120fa1e8d35ef432d89ce382e75fc6f66a6681d30cc7efa5405e1', 'gosho'),
       (3, 'mAmy Hays@gmail.com','23a7282c8c34d411ab31dc4507d20c43bd6797061c0ec2a759ecebe1aa848ac1bd1b512c15b9cdb04dec4d1867f68ea4', 'mmm'),
       (4, 'mEve Durham@gmail.com','23a7282c8c34d411ab31dc4507d20c43bd6797061c0ec2a759ecebe1aa848ac1bd1b512c15b9cdb04dec4d1867f68ea4', 'Amy'),
       (5, 'mRoderick Drake@gmail.com','23a7282c8c34d411ab31dc4507d20c43bd6797061c0ec2a759ecebe1aa848ac1bd1b512c15b9cdb04dec4d1867f68ea4', 'Eve'),
       (6, 'mSylvia Baxter@gmail.com','23a7282c8c34d411ab31dc4507d20c43bd6797061c0ec2a759ecebe1aa848ac1bd1b512c15b9cdb04dec4d1867f68ea4', 'Roderick'),
       (7, 'mEliseo Hopkins@gmail.com','23a7282c8c34d411ab31dc4507d20c43bd6797061c0ec2a759ecebe1aa848ac1bd1b512c15b9cdb04dec4d1867f68ea4', 'Sylvia'),
       (8, 'mErnie Weaver@gmail.com','23a7282c8c34d411ab31dc4507d20c43bd6797061c0ec2a759ecebe1aa848ac1bd1b512c15b9cdb04dec4d1867f68ea4', 'Eliseo'),
       (9, 'mDollie Harrell@gmail.com','23a7282c8c34d411ab31dc4507d20c43bd6797061c0ec2a759ecebe1aa848ac1bd1b512c15b9cdb04dec4d1867f68ea4', 'Ernie'),
       (10, 'Dora Whitney@gmail.com','23a7282c8c34d411ab31dc4507d20c43bd6797061c0ec2a759ecebe1aa848ac1bd1b512c15b9cdb04dec4d1867f68ea4', 'Dollie'),
       (11, 'Andreas Calderon@gmail.com','23a7282c8c34d411ab31dc4507d20c43bd6797061c0ec2a759ecebe1aa848ac1bd1b512c15b9cdb04dec4d1867f68ea4', 'Dora'),
       (12, 'Jacklyn Stone@gmail.com','23a7282c8c34d411ab31dc4507d20c43bd6797061c0ec2a759ecebe1aa848ac1bd1b512c15b9cdb04dec4d1867f68ea4', 'Andreas'),
       (13, 'Lenard Christian@gmail.com','23a7282c8c34d411ab31dc4507d20c43bd6797061c0ec2a759ecebe1aa848ac1bd1b512c15b9cdb04dec4d1867f68ea4', 'Jacklyn'),
       (14, 'Omer Vance@gmail.com','23a7282c8c34d411ab31dc4507d20c43bd6797061c0ec2a759ecebe1aa848ac1bd1b512c15b9cdb04dec4d1867f68ea4', 'Lenard'),
       (15, 'Misty Tate@gmail.com','23a7282c8c34d411ab31dc4507d20c43bd6797061c0ec2a759ecebe1aa848ac1bd1b512c15b9cdb04dec4d1867f68ea4', 'Omer'),
       (16, 'Felicia Sexton@gmail.com','23a7282c8c34d411ab31dc4507d20c43bd6797061c0ec2a759ecebe1aa848ac1bd1b512c15b9cdb04dec4d1867f68ea4', 'Misty'),
       (17, 'Pablo Frederick@gmail.com','23a7282c8c34d411ab31dc4507d20c43bd6797061c0ec2a759ecebe1aa848ac1bd1b512c15b9cdb04dec4d1867f68ea4', 'Felicia'),
       (18, 'Liliana George@gmail.com','23a7282c8c34d411ab31dc4507d20c43bd6797061c0ec2a759ecebe1aa848ac1bd1b512c15b9cdb04dec4d1867f68ea4', 'Pablo'),
       (19, 'Amos Everett@gmail.com','23a7282c8c34d411ab31dc4507d20c43bd6797061c0ec2a759ecebe1aa848ac1bd1b512c15b9cdb04dec4d1867f68ea4', 'Liliana'),
       (20, 'Carolyn Ashley@gmail.com','23a7282c8c34d411ab31dc4507d20c43bd6797061c0ec2a759ecebe1aa848ac1bd1b512c15b9cdb04dec4d1867f68ea4', 'Amos'),
       (21, 'Josefa Waller@gmail.com','23a7282c8c34d411ab31dc4507d20c43bd6797061c0ec2a759ecebe1aa848ac1bd1b512c15b9cdb04dec4d1867f68ea4', 'Carolyn'),
       (22, 'Katrina Schroeder@gmail.com','23a7282c8c34d411ab31dc4507d20c43bd6797061c0ec2a759ecebe1aa848ac1bd1b512c15b9cdb04dec4d1867f68ea4', 'Josefa'),
       (23, 'Quintin Mccarthy@gmail.com','23a7282c8c34d411ab31dc4507d20c43bd6797061c0ec2a759ecebe1aa848ac1bd1b512c15b9cdb04dec4d1867f68ea4', 'Katrina'),
       (24, 'Ruthie Chandler@gmail.com','23a7282c8c34d411ab31dc4507d20c43bd6797061c0ec2a759ecebe1aa848ac1bd1b512c15b9cdb04dec4d1867f68ea4', 'Quintin'),
       (25, 'Sidney Gibson@gmail.com','23a7282c8c34d411ab31dc4507d20c43bd6797061c0ec2a759ecebe1aa848ac1bd1b512c15b9cdb04dec4d1867f68ea4', 'Ruthie'),
       (26, 'Nellie Kidd@gmail.com','23a7282c8c34d411ab31dc4507d20c43bd6797061c0ec2a759ecebe1aa848ac1bd1b512c15b9cdb04dec4d1867f68ea4', 'Sidney'),
       (27, 'Mark Schaefer@gmail.com','23a7282c8c34d411ab31dc4507d20c43bd6797061c0ec2a759ecebe1aa848ac1bd1b512c15b9cdb04dec4d1867f68ea4', 'Nellie'),
       (28, 'Shaun Pittman@gmail.com','23a7282c8c34d411ab31dc4507d20c43bd6797061c0ec2a759ecebe1aa848ac1bd1b512c15b9cdb04dec4d1867f68ea4', 'Mark'),
       (29, 'Erin Stein@gmail.com','23a7282c8c34d411ab31dc4507d20c43bd6797061c0ec2a759ecebe1aa848ac1bd1b512c15b9cdb04dec4d1867f68ea4', 'Shaun'),
       (30, 'Loyd Scott@gmail.com','23a7282c8c34d411ab31dc4507d20c43bd6797061c0ec2a759ecebe1aa848ac1bd1b512c15b9cdb04dec4d1867f68ea4', 'Erin'),
       (31, 'Carly Ross@gmail.com','23a7282c8c34d411ab31dc4507d20c43bd6797061c0ec2a759ecebe1aa848ac1bd1b512c15b9cdb04dec4d1867f68ea4', 'Loyd'),
       (32, 'Manual Brock@gmail.com','23a7282c8c34d411ab31dc4507d20c43bd6797061c0ec2a759ecebe1aa848ac1bd1b512c15b9cdb04dec4d1867f68ea4', 'Carly'),
       (33, 'Lucas Singh@gmail.com','23a7282c8c34d411ab31dc4507d20c43bd6797061c0ec2a759ecebe1aa848ac1bd1b512c15b9cdb04dec4d1867f68ea4', 'Manual'),
       (34, 'Hosea Vincent@gmail.com','23a7282c8c34d411ab31dc4507d20c43bd6797061c0ec2a759ecebe1aa848ac1bd1b512c15b9cdb04dec4d1867f68ea4', 'Lucas'),
       (35, 'Lynn Chambers@gmail.com','23a7282c8c34d411ab31dc4507d20c43bd6797061c0ec2a759ecebe1aa848ac1bd1b512c15b9cdb04dec4d1867f68ea4', 'Hosea'),
       (36, 'Margarito Bowers@gmail.com','23a7282c8c34d411ab31dc4507d20c43bd6797061c0ec2a759ecebe1aa848ac1bd1b512c15b9cdb04dec4d1867f68ea4', 'Lynn'),
       (37, 'Jaime Pacheco@gmail.com','23a7282c8c34d411ab31dc4507d20c43bd6797061c0ec2a759ecebe1aa848ac1bd1b512c15b9cdb04dec4d1867f68ea4', 'Margarito'),
       (38, 'Rashad Molina@gmail.com','23a7282c8c34d411ab31dc4507d20c43bd6797061c0ec2a759ecebe1aa848ac1bd1b512c15b9cdb04dec4d1867f68ea4', 'Jaime'),
       (39, 'Randy Hebert@gmail.com','23a7282c8c34d411ab31dc4507d20c43bd6797061c0ec2a759ecebe1aa848ac1bd1b512c15b9cdb04dec4d1867f68ea4', 'Rashad'),
       (40, 'Beryl Yoder@gmail.com','23a7282c8c34d411ab31dc4507d20c43bd6797061c0ec2a759ecebe1aa848ac1bd1b512c15b9cdb04dec4d1867f68ea4', 'Randy'),
       (41, 'Maynard Lynch@gmail.com','23a7282c8c34d411ab31dc4507d20c43bd6797061c0ec2a759ecebe1aa848ac1bd1b512c15b9cdb04dec4d1867f68ea4', 'Beryl'),
       (42, 'Louisa Mack@gmail.com','23a7282c8c34d411ab31dc4507d20c43bd6797061c0ec2a759ecebe1aa848ac1bd1b512c15b9cdb04dec4d1867f68ea4', 'Maynard'),
       (43, 'Shon Adams@gmail.com','23a7282c8c34d411ab31dc4507d20c43bd6797061c0ec2a759ecebe1aa848ac1bd1b512c15b9cdb04dec4d1867f68ea4', 'Louisa'),
       (44, 'Derrick Martinez@gmail.com','23a7282c8c34d411ab31dc4507d20c43bd6797061c0ec2a759ecebe1aa848ac1bd1b512c15b9cdb04dec4d1867f68ea4', 'Shon'),
       (45, 'Margo Gay@gmail.com','23a7282c8c34d411ab31dc4507d20c43bd6797061c0ec2a759ecebe1aa848ac1bd1b512c15b9cdb04dec4d1867f68ea4', 'Derrick'),
       (46, 'Octavio Beltran@gmail.com','23a7282c8c34d411ab31dc4507d20c43bd6797061c0ec2a759ecebe1aa848ac1bd1b512c15b9cdb04dec4d1867f68ea4', 'Margo'),
       (47, 'Eugenio Hansen@gmail.com','23a7282c8c34d411ab31dc4507d20c43bd6797061c0ec2a759ecebe1aa848ac1bd1b512c15b9cdb04dec4d1867f68ea4', 'Octavio'),
       (48, 'Jenna Bray@gmail.com','23a7282c8c34d411ab31dc4507d20c43bd6797061c0ec2a759ecebe1aa848ac1bd1b512c15b9cdb04dec4d1867f68ea4', 'Eugenio'),
       (49, 'Burt Hampton@gmail.com','23a7282c8c34d411ab31dc4507d20c43bd6797061c0ec2a759ecebe1aa848ac1bd1b512c15b9cdb04dec4d1867f68ea4', 'Jenna'),
       (50, 'Edwin Brewer@gmail.com','23a7282c8c34d411ab31dc4507d20c43bd6797061c0ec2a759ecebe1aa848ac1bd1b512c15b9cdb04dec4d1867f68ea4', 'Burt'),
       (51, 'Jacqueline Pratt@gmail.com','23a7282c8c34d411ab31dc4507d20c43bd6797061c0ec2a759ecebe1aa848ac1bd1b512c15b9cdb04dec4d1867f68ea4', 'Edwin'),
       (52, 'Rhea Horton@gmail.com','23a7282c8c34d411ab31dc4507d20c43bd6797061c0ec2a759ecebe1aa848ac1bd1b512c15b9cdb04dec4d1867f68ea4', 'Jacqueline'),
       (53, 'Mark Carly@gmail.com','23a7282c8c34d411ab31dc4507d20c43bd6797061c0ec2a759ecebe1aa848ac1bd1b512c15b9cdb04dec4d1867f68ea4', 'Markio'),
       (54, 'Eugenio Adams@gmail.com','23a7282c8c34d411ab31dc4507d20c43bd6797061c0ec2a759ecebe1aa848ac1bd1b512c15b9cdb04dec4d1867f68ea4', 'Eugeniov');

insert into visiodb.roles (id, role)
values  (1, 'ADMIN'),
        (2, 'USER');

insert into visiodb.users_roles (user_id, role_id)
values  (1, 1),
        (1, 2),
        (2, 2),
        (3, 2),
        (4, 2),
        (5, 2),
        (6, 2),
        (7, 2),
        (8, 2),
        (9, 2),
        (10, 2),
        (11, 2),
        (12, 2),
        (13, 2),
        (14, 2),
        (15, 2),
        (16, 2),
        (17, 2),
        (18, 2),
        (19, 2),
        (20, 2),
        (21, 2),
        (22, 2),
        (23, 2),
        (24, 2),
        (25, 2),
        (26, 2),
        (27, 2),
        (28, 2),
        (29, 2),
        (30, 2),
        (31, 2),
        (32, 2),
        (33, 2),
        (34, 2),
        (35, 2),
        (36, 2),
        (37, 2),
        (38, 2),
        (39, 2),
        (40, 2),
        (41, 2),
        (42, 2),
        (43, 2),
        (44, 2),
        (45, 2),
        (46, 2),
        (47, 2),
        (48, 2),
        (49, 2),
        (50, 2),
        (51, 2),
        (52, 2),
        (53, 2),
        (54, 2);


insert into visiodb.employees (id, first_name, last_name, company_id, user_id)
values  (1, 'Amy', 'Hays', null, null),
        (2, 'Eve', 'Durham', null, null),
        (3, 'Roderick', 'Drake', null, null),
        (4, 'Sylvia', 'Baxter', null, null),
        (5, 'Eliseo', 'Hopkins', null, null),
        (6, 'Ernie', 'Weaver', null, null),
        (7, 'Dollie', 'Harrell', null, null),
        (8, 'Dora', 'Whitney', null, null),
        (9, 'Andreas', 'Calderon', null, null),
        (10, 'Jacklyn', 'Stone', null, null),
        (11, 'Lenard', 'Christian', null, null),
        (12, 'Omer', 'Vance', null, null),
        (13, 'Misty', 'Tate', null, null),
        (14, 'Felicia', 'Sexton', null, null),
        (15, 'Pablo', 'Frederick', null, null),
        (16, 'Liliana', 'George', null, null),
        (17, 'Amos', 'Everett', null, null),
        (18, 'Carolyn', 'Ashley', null, null),
        (19, 'Josefa', 'Waller', null, null),
        (20, 'Katrina', 'Schroeder', null, null),
        (21, 'Quintin', 'Mccarthy', null, null),
        (22, 'Ruthie', 'Chandler', null, null),
        (23, 'Sidney', 'Gibson', null, null),
        (24, 'Nellie', 'Kidd', null, null),
        (25, 'Mark', 'Schaefer', null, null),
        (26, 'Shaun', 'Pittman', null, null),
        (27, 'Erin', 'Stein', null, null),
        (28, 'Loyd', 'Scott', null, null),
        (29, 'Carly', 'Ross', null, null),
        (30, 'Manual', 'Brock', null, null),
        (31, 'Lucas', 'Singh', null, null),
        (32, 'Hosea', 'Vincent', null, null),
        (33, 'Lynn', 'Chambers', null, null),
        (34, 'Margarito', 'Bowers', null, null),
        (35, 'Jaime', 'Pacheco', null, null),
        (36, 'Rashad', 'Molina', null, null),
        (37, 'Randy', 'Hebert', null, null),
        (38, 'Beryl', 'Yoder', null, null),
        (39, 'Maynard', 'Lynch', null, null),
        (40, 'Louisa', 'Mack', null, null),
        (41, 'Shon', 'Adams', null, null),
        (42, 'Derrick', 'Martinez', null, null),
        (43, 'Margo', 'Gay', null, null),
        (44, 'Octavio', 'Beltran', null, null),
        (45, 'Eugenio', 'Hansen', null, null),
        (46, 'Jenna', 'Bray', null, null),
        (47, 'Burt', 'Hampton', null, null),
        (48, 'Edwin', 'Brewer', null, null),
        (49, 'Jacqueline', 'Pratt', null, null),
        (50, 'Rhea', 'Horton', null, null);

