insert into visiodb.users (id, email, password, username, first_name, last_name, company_id)
values (1, 'misho@abv.bg','f69983b003545b40f424d1604bb27ace9a9a99cab0ad1ff1bec8f918c309ed934009d2f49a078809f921562a42424b5e', 'misho', 'Mihail', 'Slavov', 1),
       (2, 'gosho@abv.bg','97cfca8cda2e239d1c861251db1fdaf86fc55aedceb120fa1e8d35ef432d89ce382e75fc6f66a6681d30cc7efa5405e1', 'gosho', 'Gosho', 'Goshev',4),
       (3, 'Amy Hays@gmail.com','23a7282c8c34d411ab31dc4507d20c43bd6797061c0ec2a759ecebe1aa848ac1bd1b512c15b9cdb04dec4d1867f68ea4', 'mmm', 'Amy', 'Hays', 7),
       (4, 'Eve Durham@gmail.com','23a7282c8c34d411ab31dc4507d20c43bd6797061c0ec2a759ecebe1aa848ac1bd1b512c15b9cdb04dec4d1867f68ea4', 'Amy', 'Eve', 'Durham', 3),
       (5, 'Roderick Drake@gmail.com','23a7282c8c34d411ab31dc4507d20c43bd6797061c0ec2a759ecebe1aa848ac1bd1b512c15b9cdb04dec4d1867f68ea4', 'Eve', 'Roderick', 'Drake', 8),
       (6, 'Sylvia Baxter@gmail.com','23a7282c8c34d411ab31dc4507d20c43bd6797061c0ec2a759ecebe1aa848ac1bd1b512c15b9cdb04dec4d1867f68ea4', 'Roderick', 'Sylvia', 'Baxter', 2),
       (7, 'Eliseo Hopkins@gmail.com','23a7282c8c34d411ab31dc4507d20c43bd6797061c0ec2a759ecebe1aa848ac1bd1b512c15b9cdb04dec4d1867f68ea4', 'Sylvia', 'Eliseo', 'Hopkins', 6),
       (8, 'Ernie Weaver@gmail.com','23a7282c8c34d411ab31dc4507d20c43bd6797061c0ec2a759ecebe1aa848ac1bd1b512c15b9cdb04dec4d1867f68ea4', 'Eliseo', 'Ernie', 'Weaver', 5),
       (9, 'Dollie Harrell@gmail.com','23a7282c8c34d411ab31dc4507d20c43bd6797061c0ec2a759ecebe1aa848ac1bd1b512c15b9cdb04dec4d1867f68ea4', 'Ernie', 'Dollie', 'Harrell', 3),
       (10, 'Dora Whitney@gmail.com','23a7282c8c34d411ab31dc4507d20c43bd6797061c0ec2a759ecebe1aa848ac1bd1b512c15b9cdb04dec4d1867f68ea4', 'Dollie', 'Dora', 'Whitney', 7),
       (11, 'Andreas Calderon@gmail.com','23a7282c8c34d411ab31dc4507d20c43bd6797061c0ec2a759ecebe1aa848ac1bd1b512c15b9cdb04dec4d1867f68ea4', 'Dora', 'Andreas', 'Calderon', 5),
       (12, 'Jacklyn Stone@gmail.com','23a7282c8c34d411ab31dc4507d20c43bd6797061c0ec2a759ecebe1aa848ac1bd1b512c15b9cdb04dec4d1867f68ea4', 'Andreas', 'Jacklyn', 'Stone', 7),
       (13, 'Lenard Christian@gmail.com','23a7282c8c34d411ab31dc4507d20c43bd6797061c0ec2a759ecebe1aa848ac1bd1b512c15b9cdb04dec4d1867f68ea4', 'Jacklyn', 'Lenard', 'Christian', 8),
       (14, 'Omer Vance@gmail.com','23a7282c8c34d411ab31dc4507d20c43bd6797061c0ec2a759ecebe1aa848ac1bd1b512c15b9cdb04dec4d1867f68ea4', 'Lenard', 'Omer', 'Vance', 5),
       (15, 'Misty Tate@gmail.com','23a7282c8c34d411ab31dc4507d20c43bd6797061c0ec2a759ecebe1aa848ac1bd1b512c15b9cdb04dec4d1867f68ea4', 'Omer', 'Misty', 'Tate', 1),
       (16, 'Felicia Sexton@gmail.com','23a7282c8c34d411ab31dc4507d20c43bd6797061c0ec2a759ecebe1aa848ac1bd1b512c15b9cdb04dec4d1867f68ea4', 'Misty', 'Felicia', 'Sexton', 2),
       (17, 'Pablo Frederick@gmail.com','23a7282c8c34d411ab31dc4507d20c43bd6797061c0ec2a759ecebe1aa848ac1bd1b512c15b9cdb04dec4d1867f68ea4', 'Felicia', 'Pablo', 'Frederick', 4),
       (18, 'Liliana George@gmail.com','23a7282c8c34d411ab31dc4507d20c43bd6797061c0ec2a759ecebe1aa848ac1bd1b512c15b9cdb04dec4d1867f68ea4', 'Pablo', 'Liliana', 'George', 8),
       (19, 'Amos Everett@gmail.com','23a7282c8c34d411ab31dc4507d20c43bd6797061c0ec2a759ecebe1aa848ac1bd1b512c15b9cdb04dec4d1867f68ea4', 'Liliana', 'Amos', 'Everett', 7),
       (20, 'Carolyn Ashley@gmail.com','23a7282c8c34d411ab31dc4507d20c43bd6797061c0ec2a759ecebe1aa848ac1bd1b512c15b9cdb04dec4d1867f68ea4', 'Amos', 'Carolyn', 'Ashley', 5),
       (21, 'Josefa Waller@gmail.com','23a7282c8c34d411ab31dc4507d20c43bd6797061c0ec2a759ecebe1aa848ac1bd1b512c15b9cdb04dec4d1867f68ea4', 'Carolyn', 'Josefa', 'Waller', 7),
       (22, 'Katrina Schroeder@gmail.com','23a7282c8c34d411ab31dc4507d20c43bd6797061c0ec2a759ecebe1aa848ac1bd1b512c15b9cdb04dec4d1867f68ea4', 'Josefa', 'Katrina', 'Schroeder', 8),
       (23, 'Quintin Mccarthy@gmail.com','23a7282c8c34d411ab31dc4507d20c43bd6797061c0ec2a759ecebe1aa848ac1bd1b512c15b9cdb04dec4d1867f68ea4', 'Katrina', 'Quintin', 'Mccarthy', 5),
       (24, 'Ruthie Chandler@gmail.com','23a7282c8c34d411ab31dc4507d20c43bd6797061c0ec2a759ecebe1aa848ac1bd1b512c15b9cdb04dec4d1867f68ea4', 'Quintin', 'Ruthie', 'Chandler', 1),
       (25, 'Sidney Gibson@gmail.com','23a7282c8c34d411ab31dc4507d20c43bd6797061c0ec2a759ecebe1aa848ac1bd1b512c15b9cdb04dec4d1867f68ea4', 'Ruthie', 'Sidney', 'Gibson', 2),
       (26, 'Nellie Kidd@gmail.com','23a7282c8c34d411ab31dc4507d20c43bd6797061c0ec2a759ecebe1aa848ac1bd1b512c15b9cdb04dec4d1867f68ea4', 'Sidney', 'Nellie', 'Kidd', 4),
       (27, 'Mark Schaefer@gmail.com','23a7282c8c34d411ab31dc4507d20c43bd6797061c0ec2a759ecebe1aa848ac1bd1b512c15b9cdb04dec4d1867f68ea4', 'Nellie', 'Mark', 'Schaefer', 8),
       (28, 'Shaun Pittman@gmail.com','23a7282c8c34d411ab31dc4507d20c43bd6797061c0ec2a759ecebe1aa848ac1bd1b512c15b9cdb04dec4d1867f68ea4', 'Mark', 'Shaun', 'Pittman', 8),
       (29, 'Erin Stein@gmail.com','23a7282c8c34d411ab31dc4507d20c43bd6797061c0ec2a759ecebe1aa848ac1bd1b512c15b9cdb04dec4d1867f68ea4', 'Shaun', 'Erin', 'Stein', 2),
       (30, 'Loyd Scott@gmail.com','23a7282c8c34d411ab31dc4507d20c43bd6797061c0ec2a759ecebe1aa848ac1bd1b512c15b9cdb04dec4d1867f68ea4', 'Erin', 'Loyd', 'Scott', 6),
       (31, 'Carly Ross@gmail.com','23a7282c8c34d411ab31dc4507d20c43bd6797061c0ec2a759ecebe1aa848ac1bd1b512c15b9cdb04dec4d1867f68ea4', 'Loyd', 'Carly', 'Ross', 5),
       (32, 'Manual Brock@gmail.com','23a7282c8c34d411ab31dc4507d20c43bd6797061c0ec2a759ecebe1aa848ac1bd1b512c15b9cdb04dec4d1867f68ea4', 'Carly', 'Manual', 'Brock', 3),
       (33, 'Lucas Singh@gmail.com','23a7282c8c34d411ab31dc4507d20c43bd6797061c0ec2a759ecebe1aa848ac1bd1b512c15b9cdb04dec4d1867f68ea4', 'Manual', 'Lucas', 'Singh', 7),
       (34, 'Hosea Vincent@gmail.com','23a7282c8c34d411ab31dc4507d20c43bd6797061c0ec2a759ecebe1aa848ac1bd1b512c15b9cdb04dec4d1867f68ea4', 'Lucas', 'Hosea', 'Vincent', 5),
       (35, 'Lynn Chambers@gmail.com','23a7282c8c34d411ab31dc4507d20c43bd6797061c0ec2a759ecebe1aa848ac1bd1b512c15b9cdb04dec4d1867f68ea4', 'Hosea', 'Lynn', 'Chambers', 7),
       (36, 'Margarito Bowers@gmail.com','23a7282c8c34d411ab31dc4507d20c43bd6797061c0ec2a759ecebe1aa848ac1bd1b512c15b9cdb04dec4d1867f68ea4', 'Lynn', 'Margarito', 'Bowers', 4),
       (37, 'Jaime Pacheco@gmail.com','23a7282c8c34d411ab31dc4507d20c43bd6797061c0ec2a759ecebe1aa848ac1bd1b512c15b9cdb04dec4d1867f68ea4', 'Margarito', 'Jaime', 'Pacheco', 8),
       (38, 'Rashad Molina@gmail.com','23a7282c8c34d411ab31dc4507d20c43bd6797061c0ec2a759ecebe1aa848ac1bd1b512c15b9cdb04dec4d1867f68ea4', 'Jaime', 'Rashad', 'Molina', 7),
       (39, 'Randy Hebert@gmail.com','23a7282c8c34d411ab31dc4507d20c43bd6797061c0ec2a759ecebe1aa848ac1bd1b512c15b9cdb04dec4d1867f68ea4', 'Rashad', 'Randy', 'Hebert', 5),
       (40, 'Beryl Yoder@gmail.com','23a7282c8c34d411ab31dc4507d20c43bd6797061c0ec2a759ecebe1aa848ac1bd1b512c15b9cdb04dec4d1867f68ea4', 'Randy', 'Beryl', 'Yoder', 7),
       (41, 'Maynard Lynch@gmail.com','23a7282c8c34d411ab31dc4507d20c43bd6797061c0ec2a759ecebe1aa848ac1bd1b512c15b9cdb04dec4d1867f68ea4', 'Beryl', 'Maynard', 'Lynch', 8),
       (42, 'Louisa Mack@gmail.com','23a7282c8c34d411ab31dc4507d20c43bd6797061c0ec2a759ecebe1aa848ac1bd1b512c15b9cdb04dec4d1867f68ea4', 'Maynard', 'Louisa', 'Mack', 5),
       (43, 'Shon Adams@gmail.com','23a7282c8c34d411ab31dc4507d20c43bd6797061c0ec2a759ecebe1aa848ac1bd1b512c15b9cdb04dec4d1867f68ea4', 'Louisa', 'Shon', 'Adams', 1),
       (44, 'Derrick Martinez@gmail.com','23a7282c8c34d411ab31dc4507d20c43bd6797061c0ec2a759ecebe1aa848ac1bd1b512c15b9cdb04dec4d1867f68ea4', 'Shon', 'Derrick', 'Martinez', 2),
       (45, 'Margo Gay@gmail.com','23a7282c8c34d411ab31dc4507d20c43bd6797061c0ec2a759ecebe1aa848ac1bd1b512c15b9cdb04dec4d1867f68ea4', 'Derrick', 'Margo', 'Gay', 4),
       (46, 'Octavio Beltran@gmail.com','23a7282c8c34d411ab31dc4507d20c43bd6797061c0ec2a759ecebe1aa848ac1bd1b512c15b9cdb04dec4d1867f68ea4', 'Margo', 'Octavio', 'Beltran', 8),
       (47, 'Eugenio Hansen@gmail.com','23a7282c8c34d411ab31dc4507d20c43bd6797061c0ec2a759ecebe1aa848ac1bd1b512c15b9cdb04dec4d1867f68ea4', 'Octavio', 'Eugenio', 'Hansen', 7),
       (48, 'Jenna Bray@gmail.com','23a7282c8c34d411ab31dc4507d20c43bd6797061c0ec2a759ecebe1aa848ac1bd1b512c15b9cdb04dec4d1867f68ea4', 'Eugenio', 'Jenna', 'Bray', 5),
       (49, 'Burt Hampton@gmail.com','23a7282c8c34d411ab31dc4507d20c43bd6797061c0ec2a759ecebe1aa848ac1bd1b512c15b9cdb04dec4d1867f68ea4', 'Jenna', 'Burt', 'Hampton', 7),
       (50, 'Edwin Brewer@gmail.com','23a7282c8c34d411ab31dc4507d20c43bd6797061c0ec2a759ecebe1aa848ac1bd1b512c15b9cdb04dec4d1867f68ea4', 'Burt', 'Edwin', 'Brewer', 8),
       (51, 'Jacqueline Pratt@gmail.com','23a7282c8c34d411ab31dc4507d20c43bd6797061c0ec2a759ecebe1aa848ac1bd1b512c15b9cdb04dec4d1867f68ea4', 'Edwin', 'Jacqueline', 'Pratt', 5),
       (52, 'Rhea Horton@gmail.com','23a7282c8c34d411ab31dc4507d20c43bd6797061c0ec2a759ecebe1aa848ac1bd1b512c15b9cdb04dec4d1867f68ea4', 'Jacqueline', 'Rhea', 'Horton', 1),
       (53, 'Mark Carly@gmail.com','23a7282c8c34d411ab31dc4507d20c43bd6797061c0ec2a759ecebe1aa848ac1bd1b512c15b9cdb04dec4d1867f68ea4', 'Markio','Mark', 'Carly', 2),
       (54, 'Eugenio Adams@gmail.com','23a7282c8c34d411ab31dc4507d20c43bd6797061c0ec2a759ecebe1aa848ac1bd1b512c15b9cdb04dec4d1867f68ea4', 'Eugeniov','Eugenio', 'Adams', 4);

insert into visiodb.roles (id, role)
values  (1, 'ADMIN'),
        (2, 'USER');

insert into visiodb.users_roles (user_id, role_id)
values  (1, 1),
        (1, 2),
        (2, 2),
        (3, 2),
        (4, 2),
        (5, 2),
        (6, 2),
        (7, 2),
        (8, 2),
        (9, 2),
        (10, 2),
        (11, 2),
        (12, 2),
        (13, 2),
        (14, 2),
        (15, 2),
        (16, 2),
        (17, 2),
        (18, 2),
        (19, 2),
        (20, 2),
        (21, 2),
        (22, 2),
        (23, 2),
        (24, 2),
        (25, 2),
        (26, 2),
        (27, 2),
        (28, 2),
        (29, 2),
        (30, 2),
        (31, 2),
        (32, 2),
        (33, 2),
        (34, 2),
        (35, 2),
        (36, 2),
        (37, 2),
        (38, 2),
        (39, 2),
        (40, 2),
        (41, 2),
        (42, 2),
        (43, 2),
        (44, 2),
        (45, 2),
        (46, 2),
        (47, 2),
        (48, 2),
        (49, 2),
        (50, 2),
        (51, 2),
        (52, 2),
        (53, 2),
        (54, 2);


# insert into visiodb.employees (id, first_name, last_name, company_id)
# values  (1, 'Amy', 'Hays', null),
#         (2, 'Eve', 'Durham', null),
#         (3, 'Roderick', 'Drake', null),
#         (4, 'Sylvia', 'Baxter', null),
#         (5, 'Eliseo', 'Hopkins', null),
#         (6, 'Ernie', 'Weaver', null),
#         (7, 'Dollie', 'Harrell', null),
#         (8, 'Dora', 'Whitney', null),
#         (9, 'Andreas', 'Calderon', null),
#         (10, 'Jacklyn', 'Stone', null),
#         (11, 'Lenard', 'Christian', null),
#         (12, 'Omer', 'Vance', null),
#         (13, 'Misty', 'Tate', null),
#         (14, 'Felicia', 'Sexton', null),
#         (15, 'Pablo', 'Frederick', null),
#         (16, 'Liliana', 'George', null),
#         (17, 'Amos', 'Everett', null),
#         (18, 'Carolyn', 'Ashley', null),
#         (19, 'Josefa', 'Waller', null),
#         (20, 'Katrina', 'Schroeder', null),
#         (21, 'Quintin', 'Mccarthy', null),
#         (22, 'Ruthie', 'Chandler', null),
#         (23, 'Sidney', 'Gibson', null),
#         (24, 'Nellie', 'Kidd', null),
#         (25, 'Mark', 'Schaefer', null),
#         (26, 'Shaun', 'Pittman', null),
#         (27, 'Erin', 'Stein', null),
#         (28, 'Loyd', 'Scott', null),
#         (29, 'Carly', 'Ross', null),
#         (30, 'Manual', 'Brock', null),
#         (31, 'Lucas', 'Singh', null),
#         (32, 'Hosea', 'Vincent', null),
#         (33, 'Lynn', 'Chambers', null),
#         (34, 'Margarito', 'Bowers', null),
#         (35, 'Jaime', 'Pacheco', null),
#         (36, 'Rashad', 'Molina', null),
#         (37, 'Randy', 'Hebert', null),
#         (38, 'Beryl', 'Yoder', null),
#         (39, 'Maynard', 'Lynch', null),
#         (40, 'Louisa', 'Mack', null),
#         (41, 'Shon', 'Adams', null),
#         (42, 'Derrick', 'Martinez', null),
#         (43, 'Margo', 'Gay', null),
#         (44, 'Octavio', 'Beltran', null),
#         (45, 'Eugenio', 'Hansen', null),
#         (46, 'Jenna', 'Bray', null),
#         (47, 'Burt', 'Hampton', null),
#         (48, 'Edwin', 'Brewer', null),
#         (49, 'Jacqueline', 'Pratt', null),
#         (50, 'Rhea', 'Horton', null);
#
